{
      "server": {
            "default": "10.50.43.122",
            "macvlan-whx-es-1500-10-90-27": "10.90.27.122"
      },
      "client-service-monitor": [
            {
                  "default": "10.50.43.123",
                  "macvlan-whx-es-1500-10-90-27": "10.90.27.123"
            }
      ],
      "atacantes-ids-go": [
            {
                  "default": "10.50.17.202",
                  "macvlan-ids-go-2902-10-90-62": "10.90.62.2"
            }
      ],
      "random-clientes-ids-pe": [
            {
                  "default": "10.50.4.141",
                  "macvlan-ids-pe-1524-10-90-81": "10.90.81.93"
            }
      ]
}