{
      "server": {
            "default": "10.50.43.180",
            "macvlan-whx-es-1500-10-90-27": "10.90.27.178"
      },
      "client-service-monitor": [
            {
                  "default": "10.50.43.181",
                  "macvlan-whx-es-1500-10-90-27": "10.90.27.179"
            }
      ],
      "random-clientes-ids-pe": [
            {
                  "default": "10.50.4.75",
                  "macvlan-ids-pe-1524-10-90-81": "10.90.81.68"
            }
      ],
      "atacantes-socket-ids-go": [
            {
                  "default": "10.50.16.61",
                  "macvlan-ids-go-2902-10-90-62": "10.90.62.63"
            }
      ]
}