{
      "server": {
            "default": "10.50.43.110",
            "macvlan-whx-es-1500-10-90-27": "10.90.27.112"
      },
      "client-service-monitor": [
            {
                  "default": "10.50.43.111",
                  "macvlan-whx-es-1500-10-90-27": "10.90.27.113"
            }
      ],
      "atacantes-ids-go": [
            {
                  "default": "10.50.17.175",
                  "macvlan-ids-go-2902-10-90-62": "10.90.62.97"
            }
      ],
      "clientes-ids-pe": [
            {
                  "default": "10.50.4.241",
                  "macvlan-ids-pe-1524-10-90-81": "10.90.81.88"
            }
      ]
}