{
      "server": {
            "default": "10.50.43.178",
            "macvlan-whx-es-1500-10-90-27": "10.90.27.176"
      },
      "client-service-monitor": [
            {
                  "default": "10.50.43.179",
                  "macvlan-whx-es-1500-10-90-27": "10.90.27.177"
            }
      ],
      "clientes-ids-pe": [
            {
                  "default": "10.50.5.232",
                  "macvlan-ids-pe-1524-10-90-81": "10.90.81.67"
            }
      ],
      "atacantes-socket-ids-go": [
            {
                  "default": "10.50.16.159",
                  "macvlan-ids-go-2902-10-90-62": "10.90.62.62"
            }
      ]
}